"FullName","Email","Department","Username","UPN","Password"
"Cece Sobey","CSobey@joanlab.local","Sales","CSobey","CSobey@joanlab.local","4uEYcEpF88cK"
"Roxanna Berrigan","RBerrigan@joanlab.local","IT","RBerrigan","RBerrigan@joanlab.local","j$45zOegW3W9"
"Fanya Daveran","FDaveran@joanlab.local","IT","FDaveran","FDaveran@joanlab.local","rve#$$royBcn"
"Tannie Eadon","TEadon@joanlab.local","IT","TEadon","TEadon@joanlab.local","xAoVA1GZX4bt"
"Natalina Edmondson","NEdmondson@joanlab.local","IT","NEdmondson","NEdmondson@joanlab.local","g3#7Ba7GCstG"
"Farica Starte","FStarte@joanlab.local","IT","FStarte","FStarte@joanlab.local","pFPv8YVOSV96"
"Jedd Rameau","JRameau@joanlab.local","IT","JRameau","JRameau@joanlab.local","WeOEnHTRZ483"
"Malina Stamp","MStamp@joanlab.local","IT","MStamp","MStamp@joanlab.local","!p!thx0i79qe"
"Kalli Curzon","KCurzon@joanlab.local","IT","KCurzon","KCurzon@joanlab.local","5CliFVE7yOD!"
"Alvinia Cottisford","ACottisford@joanlab.local","IT","ACottisford","ACottisford@joanlab.local","!jPukkPt2xvc"
"Archaimbaud Mincini","AMincini@joanlab.local","IT","AMincini","AMincini@joanlab.local","J8!TG666V8Zm"
"Arlen Andriss","AAndriss@joanlab.local","HR","AAndriss","AAndriss@joanlab.local","%kzb1Wyxvp6$"
"Finlay Vyel","FVyel@joanlab.local","HR","FVyel","FVyel@joanlab.local","NS%QZYhaKlbs"
"Bryant Arent","BArent@joanlab.local","HR","BArent","BArent@joanlab.local","Q3bJ5%gB3Mz5"
"Roi Bestwick","RBestwick@joanlab.local","HR","RBestwick","RBestwick@joanlab.local","mxl@gea!3PW9"
"Merissa Keetley","MKeetley@joanlab.local","HR","MKeetley","MKeetley@joanlab.local","EpL$Br4IhJK4"
"Chloe Reightley","CReightley@joanlab.local","HR","CReightley","CReightley@joanlab.local","xYSDWdFxiM$w"
"Eolande Wapol","EWapol@joanlab.local","HR","EWapol","EWapol@joanlab.local","0%TvpCfktg7c"
"Letti Torresi","LTorresi@joanlab.local","HR","LTorresi","LTorresi@joanlab.local","5aOcEBKT7%QF"
"Madelle Rudge","MRudge@joanlab.local","HR","MRudge","MRudge@joanlab.local","#@l7jU@YOA3e"
"Haze McFie","HMcFie@joanlab.local","Customer_Service","HMcFie","HMcFie@joanlab.local","9E4eH3BJfMFv"
"Debera Trevna","DTrevna@joanlab.local","Customer_Service","DTrevna","DTrevna@joanlab.local","6zHh#G0R0qMK"
"Giacinta Alcido","GAlcido@joanlab.local","Customer_Service","GAlcido","GAlcido@joanlab.local","4DD7aVEY#WWD"
"Kenyon Whate","KWhate@joanlab.local","Customer_Service","KWhate","KWhate@joanlab.local","L$38T03KSz!J"
"Olag Scuse","OScuse@joanlab.local","Customer_Service","OScuse","OScuse@joanlab.local","WM#hUEBu!7RI"
"Millisent Kibbee","MKibbee@joanlab.local","Customer_Service","MKibbee","MKibbee@joanlab.local","hmRrkhIG#FNa"
"Delmor Corneljes","DCorneljes@joanlab.local","Customer_Service","DCorneljes","DCorneljes@joanlab.local","Jd!JjNkIcH71"
"Latashia Bento","LBento@joanlab.local","Customer_Service","LBento","LBento@joanlab.local","PD#DNXFouRdH"
"Melisenda Tantum","MTantum@joanlab.local","Customer_Service","MTantum","MTantum@joanlab.local","XuzL$SS8CW$L"
"Paulie Duchateau","PDuchateau@joanlab.local","Customer_Service","PDuchateau","PDuchateau@joanlab.local","THWECBZRD9bF"
"Kerstin Boggs","KBoggs@joanlab.local","Customer_Service","KBoggs","KBoggs@joanlab.local","Fwpx4H9%AMjN"
"Bird Natt","BNatt@joanlab.local","Customer_Service","BNatt","BNatt@joanlab.local","dr!OLr2kAB7v"
"Arluene Allport","AAllport@joanlab.local","Customer_Service","AAllport","AAllport@joanlab.local","tH3XKm5nbHnF"
"Celestyn Jaze","CJaze@joanlab.local","Customer_Service","CJaze","CJaze@joanlab.local","Haryy#a%FHe$"
"Kitty Mace","KMace@joanlab.local","Customer_Service","KMace","KMace@joanlab.local","qdYhry@mLh0z"
"Vitia Boich","VBoich@joanlab.local","Customer_Service","VBoich","VBoich@joanlab.local","tJ3Yb7cwv0K5"
"Burke Tremmil","BTremmil@joanlab.local","Customer_Service","BTremmil","BTremmil@joanlab.local","aBnGXC$U18zF"
"Dannye Dirr","DDirr@joanlab.local","Customer_Service","DDirr","DDirr@joanlab.local","MB35ohktKsU0"
